[null,{"name":"Slap","permissions":"NONE","permissions2":"NONE","restriction":"1","_id":"StPkC","actions":[{"channel":"0","varName":"","message":"${member} slapped ${slashParams(\"person\")}!","buttons":[],"selectMenus":[],"reply":true,"ephemeral":false,"tts":false,"file":"","storage":"0","varName2":"","name":"Send Message"}],"comType":"4","parameters":[{"name":"person","description":"The person who will be slapped!","type":"USER","required":true,"choices":null}],"description":"Slaps whoever is chosen."},{"name":"UserInfo","permissions":"NONE","permissions2":"NONE","restriction":"1","_id":"sPkam","actions":[{"member":"5","varName":"user","info":"2","storage":"1","varName2":"user_username","name":"Store Member Info"},{"member":"5","varName":"user","info":"3","storage":"1","varName2":"user_displayname","name":"Store Member Info"},{"member":"5","varName":"user","info":"4","storage":"1","varName2":"user_color","name":"Store Member Info"},{"member":"5","varName":"user","info":"16","storage":"1","varName2":"user_avatar","name":"Store Member Info"},{"member":"5","varName":"user","info":"22","storage":"1","varName2":"user_timestamp","name":"Store Member Info"},{"channel":"0","varName":"","message":"__${tempVars(\"user_displayname\")}__\n```\nUsername: ${tempVars(\"user_username\")}\nColor:    ${tempVars(\"user_color\")}\nCreated:  ${tempVars(\"user_timestamp\")}\n```","buttons":[],"selectMenus":[],"reply":true,"ephemeral":false,"tts":false,"file":"${tempVars(\"user_avatar\")}","storage":"0","varName2":"","name":"Send Message"}],"comType":"4","description":"Prints information about the chosen user.","parameters":[{"name":"user","description":"The user to get info from!","type":"USER","required":true,"choices":null}]},{"name":"FlipCoin","permissions":"NONE","permissions2":"NONE","restriction":"1","_id":"GbWmL","actions":[{"channel":"0","varName":"","message":"Click the button to flip a coin!","buttons":[{"name":"Flip Coin","type":"PRIMARY","id":"msg-button-405839a","url":"","emoji":"","mode":"PERSISTENT","time":"","actions":[{"storage":"1","varName":"result","min":"1","max":"2","name":"Generate Random Number"},{"storage":"1","varName":"result","branches":[{"comparison":"1","value":"1","actions":[{"channel":"0","varName":"","message":"The coin was heads!","buttons":[],"selectMenus":[],"reply":true,"ephemeral":false,"tts":false,"file":"","storage":"0","varName2":"","name":"Send Message"}]},{"comparison":"1","value":"2","actions":[{"channel":"0","varName":"","message":"The coin was tails!","buttons":[],"selectMenus":[],"reply":true,"ephemeral":false,"tts":false,"file":"","storage":"0","varName2":"","name":"Send Message"}]}],"name":"Multi-Check Variable"}]}],"selectMenus":[],"reply":true,"ephemeral":false,"tts":false,"file":"","storage":"0","varName2":"","name":"Send Message"}],"comType":"4","description":"Allow people to randomly flip a coin!"},{"name":"RPS","permissions":"NONE","permissions2":"NONE","restriction":"1","_id":"HrCQd","actions":[{"channel":"0","varName":"","message":"Choose your move...","buttons":[],"selectMenus":[{"placeholder":"Select your move","id":"msg-select-cb94861","tempVarName":"value","row":"","min":"1","max":"1","mode":"PERSONAL","time":"","options":[{"label":"Rock","description":"A powerful stone (beats scissors).","value":"rock","emoji":"🌑","default":"false"},{"label":"Paper","description":"A flimsy piece of paper (beats rock).","value":"paper","emoji":"📄","default":"false"},{"label":"Scissors","description":"A sharp pair of scissors (beats paper).","value":"scissors","emoji":"✂️","default":"false"}],"actions":[{"storage":"1","varName":"msg","type":"all","searchValue":"","name":"Disable Buttons and Selects"},{"storage":"1","varName":"value","branches":[{"comparison":"1","value":"rock","actions":[{"storage":"1","varName":"result","min":"1","max":"3","name":"Generate Random Number"},{"storage":"1","varName":"result","branches":[{"comparison":"1","value":"1","actions":[{"channel":"0","varName":"","message":"${member} used rock, bot uses paper.\n\nBot wins!!","buttons":[],"selectMenus":[],"reply":true,"ephemeral":false,"tts":false,"file":"","storage":"0","varName2":"","name":"Send Message"}]},{"comparison":"1","value":"2","actions":[{"channel":"0","varName":"","message":"${member} used rock, bot uses scissors.\n\n${member} wins!!","buttons":[],"selectMenus":[],"reply":true,"ephemeral":false,"tts":false,"file":"","storage":"0","varName2":"","name":"Send Message"}]},{"comparison":"1","value":"3","actions":[{"channel":"0","varName":"","message":"${member} used rock, bot uses rock.\n\nIt was a tie...","buttons":[],"selectMenus":[],"reply":true,"ephemeral":false,"tts":false,"file":"","storage":"0","varName2":"","name":"Send Message"}]}],"name":"Multi-Check Variable"}]},{"comparison":"1","value":"paper","actions":[{"storage":"1","varName":"result","min":"1","max":"3","name":"Generate Random Number"},{"storage":"1","varName":"result","branches":[{"comparison":"1","value":"1","actions":[{"channel":"0","varName":"","message":"${member} used paper, bot uses scissors.\n\nBot wins!!","buttons":[],"selectMenus":[],"reply":true,"ephemeral":false,"tts":false,"file":"","storage":"0","varName2":"","name":"Send Message"}]},{"comparison":"1","value":"2","actions":[{"channel":"0","varName":"","message":"${member} used paper, bot uses rock.\n\n${member} wins!!","buttons":[],"selectMenus":[],"reply":true,"ephemeral":false,"tts":false,"file":"","storage":"0","varName2":"","name":"Send Message"}]},{"comparison":"1","value":"3","actions":[{"channel":"0","varName":"","message":"${member} used paper, bot uses paper.\n\nIt was a tie...","buttons":[],"selectMenus":[],"reply":true,"ephemeral":false,"tts":false,"file":"","storage":"0","varName2":"","name":"Send Message"}]}],"name":"Multi-Check Variable"}]},{"comparison":"1","value":"scissors","actions":[{"storage":"1","varName":"result","min":"1","max":"3","name":"Generate Random Number"},{"storage":"1","varName":"result","branches":[{"comparison":"1","value":"1","actions":[{"channel":"0","varName":"","message":"${member} used scissors, bot uses rock.\n\nBot wins!!","buttons":[],"selectMenus":[],"reply":true,"ephemeral":false,"tts":false,"file":"","storage":"0","varName2":"","name":"Send Message"}]},{"comparison":"1","value":"2","actions":[{"channel":"0","varName":"","message":"${member} used scissors, bot uses paper.\n\n${member} wins!!","buttons":[],"selectMenus":[],"reply":true,"ephemeral":false,"tts":false,"file":"","storage":"0","varName2":"","name":"Send Message"}]},{"comparison":"1","value":"3","actions":[{"channel":"0","varName":"","message":"${member} used scissors, bot uses scissors.\n\nIt was a tie...","buttons":[],"selectMenus":[],"reply":true,"ephemeral":false,"tts":false,"file":"","storage":"0","varName2":"","name":"Send Message"}]}],"name":"Multi-Check Variable"}]}],"name":"Multi-Check Variable"}]}],"reply":true,"ephemeral":false,"tts":false,"file":"","storage":"1","varName2":"msg","name":"Send Message"}],"comType":"4","description":"Play rock-paper-scissors against the bot!"},{"name":"Idle","permissions":"NONE","permissions2":"NONE","restriction":"4","_id":"xfLGe","actions":[{"status":"1","name":"Set Bot Status"},{"gameName":"Stardew Valley","gameLink":"","activityType":"PLAYING","name":"Set Bot Game"}],"comType":"4","description":"Puts bot in idle.","parameters":[]},{"name":"ban","permissions":"BAN_MEMBERS","permissions2":"KICK_MEMBERS","restriction":"1","_id":"REDKQ","actions":[{"info":"0","infoIndex":"1","storage":"1","varName":"Reason","name":"Store Command Params"},{"time":"1","measurement":"1","name":"Wait"},{"channel":"8","varName":"User","message":"# You've been banned!! \n\n**Reason for ban:** ${tempVars(\"Reason\")}","buttons":[],"selectMenus":[],"attachments":[],"embeds":[],"reply":true,"ephemeral":false,"tts":false,"overwrite":false,"dontSend":false,"editMessage":"0","editMessageVarName":"","storage":"0","varName2":"","name":"Send Message"},{"time":"1","measurement":"1","name":"Wait"},{"member":"5","varName":"User","reason":"","days":"","name":"Ban Member"}],"comType":"4","description":"Bans a user.","parameters":[{"name":"Reason","description":"","type":"STRING","required":true,"choices":null},{"name":"User","description":"","type":"USER","required":true,"choices":null}]},{"name":"Purge","permissions":"MANAGE_CHANNELS","permissions2":"MANAGE_MESSAGES","restriction":"1","_id":"OGaAT","actions":[{"info":"0","infoIndex":"1","storage":"1","varName":"number","name":"Store Command Params"},{"time":"1","measurement":"1","name":"Wait"},{"channel":"0","count":"${tempVars(\"number\")}","condition":"0","custom":"","varName":"","name":"Delete Bulk Messages"}],"comType":"4","parameters":[{"name":"Number","description":"Number of messages deleted.","type":"INTEGER","required":true,"choices":null}],"description":"Purges messages"}]